epoch,batch,loss,epoch_time_sec,batch_time_ms,best_loss
1,50,0.0767199,,38.1619,
1,100,0.062874,,38.9776,
1,150,0.0520141,,38.2653,
1,200,0.0497067,,38.1482,
1,250,0.0424013,,38.457,
1,300,0.0405484,,38.1127,
1,350,0.0383037,,38.4623,
1,400,0.0358446,,38.41,
1,450,0.0330931,,38.2282,
1,500,0.0311221,,38.2864,
1,550,0.0332413,,38.2418,
1,600,0.0312027,,38.4121,
1,650,0.0297065,,38.6635,
1,700,0.0292104,,38.3574,
1,750,0.0268064,,38.3712,
1,781,0.0273332,,38.5902,
1,,0.0452575,31.2557,,0.0452575
2,50,0.0280754,,38.4688,
2,100,0.0272683,,38.4738,
2,150,0.027959,,38.3423,
2,200,0.0267914,,38.4652,
2,250,0.0251769,,38.4343,
2,300,0.0263404,,38.5895,
2,350,0.0245265,,38.5855,
2,400,0.0231763,,38.6218,
2,450,0.0228088,,38.6191,
2,500,0.0264804,,38.4992,
2,550,0.0234117,,38.4114,
2,600,0.0233392,,38.5419,
2,650,0.0222026,,38.61,
2,700,0.0202754,,39.4927,
2,750,0.0230059,,38.2969,
2,781,0.0206489,,38.5593,
2,,0.0244327,30.1189,,0.0244327
3,50,0.0222677,,38.7192,
3,100,0.0221133,,39.2104,
3,150,0.0221199,,38.568,
3,200,0.0235826,,38.7007,
3,250,0.02162,,38.6224,
3,300,0.0208357,,38.8105,
3,350,0.021388,,38.6556,
3,400,0.0215311,,38.4748,
3,450,0.0211647,,38.6451,
3,500,0.02068,,38.7951,
3,550,0.0187998,,38.8492,
3,600,0.0190986,,38.9045,
3,650,0.0200377,,38.6092,
3,700,0.0199705,,38.7301,
3,750,0.0203002,,38.5415,
3,781,0.0188945,,39.3771,
3,,0.020743,30.3047,,0.020743
4,50,0.0195752,,38.8344,
4,100,0.0187375,,38.9493,
4,150,0.0197867,,38.9859,
4,200,0.0174456,,39.5202,
4,250,0.0186567,,38.9102,
4,300,0.0205896,,39.0193,
4,350,0.017645,,39.0638,
4,400,0.0202673,,38.9799,
4,450,0.0177399,,40.079,
4,500,0.0190147,,40.1008,
4,550,0.0208034,,38.9442,
4,600,0.0183156,,39.019,
4,650,0.0164865,,38.9681,
4,700,0.0170547,,40.0408,
4,750,0.0165253,,40.1724,
4,781,0.0178465,,40.2391,
4,,0.0187272,30.6421,,0.0187272
5,50,0.0180335,,38.9839,
5,100,0.0180745,,39.0279,
5,150,0.0198123,,38.9359,
5,200,0.0181482,,41.0784,
5,250,0.0171208,,39.0172,
5,300,0.0184041,,41.1463,
5,350,0.0160754,,53.7717,
5,400,0.0164879,,39.0151,
5,450,0.0177816,,39.0995,
5,500,0.0177406,,38.9429,
5,550,0.017259,,38.9825,
5,600,0.0160764,,39.0705,
5,650,0.015879,,40.0961,
5,700,0.016611,,39.0478,
5,750,0.0175846,,39.0788,
5,781,0.0172673,,38.7945,
5,,0.017355,31.386,,0.017355
6,50,0.0161202,,39.0115,
6,100,0.0173489,,40.2837,
6,150,0.0167823,,39.0196,
6,200,0.0185274,,39.0225,
6,250,0.0157364,,38.9377,
6,300,0.0153082,,38.8692,
6,350,0.0166286,,38.977,
6,400,0.0170603,,39.048,
6,450,0.0155752,,39.0307,
6,500,0.0156691,,39.0663,
6,550,0.015928,,38.9704,
6,600,0.0150253,,39.0201,
6,650,0.014673,,38.9468,
6,700,0.0160141,,39.0068,
6,750,0.0166897,,38.997,
6,781,0.0147044,,39.0558,
6,,0.0163381,30.6704,,0.0163381
7,50,0.0164007,,39.0139,
7,100,0.0138209,,38.9788,
7,150,0.016574,,39.2071,
7,200,0.0153933,,38.9885,
7,250,0.0151184,,38.6247,
7,300,0.0166075,,38.9942,
7,350,0.0163586,,39.0055,
7,400,0.0149341,,38.8654,
7,450,0.0151428,,39.0359,
7,500,0.0138309,,39.1461,
7,550,0.0160193,,39.0678,
7,600,0.0146267,,39.0568,
7,650,0.0161734,,39.0569,
7,700,0.0142923,,38.9981,
7,750,0.0143525,,38.9936,
7,781,0.0160066,,40.1148,
7,,0.0155413,30.8042,,0.0155413
8,50,0.0149915,,40.0546,
8,100,0.0145347,,55.7901,
8,150,0.0140455,,40.06,
8,200,0.0161602,,39.0193,
8,250,0.0155421,,39.022,
8,300,0.0142394,,39.0346,
8,350,0.0157236,,39.0181,
8,400,0.0143665,,40.1174,
8,450,0.0148261,,38.9929,
8,500,0.0147194,,40.0841,
8,550,0.0140216,,38.9827,
8,600,0.0149473,,39.039,
8,650,0.0145648,,39.0294,
8,700,0.0151408,,38.9826,
8,750,0.0139145,,38.9209,
8,781,0.014121,,39.0297,
8,,0.0148963,30.964,,0.0148963
9,50,0.0127488,,39.0038,
9,100,0.0131997,,38.9871,
9,150,0.0147038,,39.1103,
9,200,0.0140416,,39.0327,
9,250,0.0158325,,39.015,
9,300,0.0140861,,39.0534,
9,350,0.0133243,,40.0676,
9,400,0.0152328,,39.0106,
9,450,0.0137722,,39.026,
9,500,0.0134282,,40.1174,
9,550,0.0139911,,40.0664,
9,600,0.0142941,,39.0197,
9,650,0.0156528,,39.026,
9,700,0.0146074,,40.1712,
9,750,0.0136715,,38.9843,
9,781,0.013186,,39.0016,
9,,0.0143625,30.8204,,0.0143625
10,50,0.0141122,,40.102,
10,100,0.0129909,,40.0862,
10,150,0.01359,,39.1646,
10,200,0.0149186,,43.1505,
10,250,0.0148303,,39.8695,
10,300,0.013839,,40.0427,
10,350,0.0137445,,39.0383,
10,400,0.0144019,,39.0325,
10,450,0.0136026,,39.1141,
10,500,0.01449,,39.0531,
10,550,0.0136781,,39.0189,
10,600,0.0120812,,39.0094,
10,650,0.0153988,,39.006,
10,700,0.0151278,,39.0492,
10,750,0.0131723,,39.0111,
10,781,0.0139638,,39.1907,
10,,0.0139099,30.7712,,0.0139099
11,50,0.0127939,,39.0206,
11,100,0.0136795,,40.1169,
11,150,0.01409,,39.0286,
11,200,0.0130074,,40.1269,
11,250,0.013819,,38.999,
11,300,0.0136279,,39.0326,
11,350,0.0141746,,38.9819,
11,400,0.0136393,,39.032,
11,450,0.0131094,,39.008,
11,500,0.0148063,,38.954,
11,550,0.0133415,,39.9986,
11,600,0.0135885,,38.9849,
11,650,0.0131377,,39.0114,
11,700,0.0133145,,40.0041,
11,750,0.0138477,,40.0726,
11,781,0.0129017,,39.0577,
11,,0.013521,30.756,,0.013521
12,50,0.0128508,,38.9831,
12,100,0.0131924,,40.0968,
12,150,0.0123497,,38.9693,
12,200,0.0134962,,38.993,
12,250,0.0142468,,39.0721,
12,300,0.0135273,,39.0516,
12,350,0.0141044,,38.9992,
12,400,0.012267,,39.0727,
12,450,0.0129228,,39.0407,
12,500,0.0128907,,39.0353,
12,550,0.01151,,40.0814,
12,600,0.0139099,,40.0797,
12,650,0.0140322,,38.9845,
12,700,0.0143163,,39.0353,
12,750,0.0121955,,38.9981,
12,781,0.012507,,39.0256,
12,,0.0131815,30.7077,,0.0131815
13,50,0.0129948,,39.0046,
13,100,0.0135811,,39.1097,
13,150,0.0132534,,39.072,
13,200,0.0130819,,39.6909,
13,250,0.0139187,,40.0129,
13,300,0.012811,,38.8383,
13,350,0.0122996,,39.0082,
13,400,0.0135812,,40.0814,
13,450,0.0126369,,39.0372,
13,500,0.0125788,,39.0113,
13,550,0.0120948,,40.0738,
13,600,0.0128083,,38.9912,
13,650,0.0121922,,38.9866,
13,700,0.0133515,,39.0055,
13,750,0.0137145,,39.0623,
13,781,0.0121704,,39.0132,
13,,0.0128817,30.7346,,0.0128817
14,50,0.0123067,,38.9729,
14,100,0.0122817,,38.9889,
14,150,0.0140322,,39.045,
14,200,0.0120077,,39.0404,
14,250,0.0134877,,38.9579,
14,300,0.011952,,39.2456,
14,350,0.0131958,,39.026,
14,400,0.0132864,,39.0327,
14,450,0.0129303,,59.9962,
14,500,0.0136353,,38.967,
14,550,0.0141796,,38.9687,
14,600,0.0130809,,39.0215,
14,650,0.0136235,,39.2895,
14,700,0.0127857,,40.0792,
14,750,0.0128594,,39.0189,
14,781,0.0129181,,39.0042,
14,,0.0126148,30.7636,,0.0126148
15,50,0.0124259,,39.0235,
15,100,0.0123249,,38.9375,
15,150,0.0123921,,38.8788,
15,200,0.0131035,,38.9813,
15,250,0.0114307,,40.1006,
15,300,0.0122793,,39.041,
15,350,0.0130828,,39.0164,
15,400,0.0105223,,39.0185,
15,450,0.013595,,39.0007,
15,500,0.0118307,,39.0377,
15,550,0.0128284,,39.004,
15,600,0.0130967,,39.256,
15,650,0.0120571,,38.9704,
15,700,0.0121331,,39.0367,
15,750,0.011921,,38.9798,
15,781,0.012144,,39.0015,
15,,0.0123739,30.7851,,0.0123739
16,50,0.0134854,,39.9883,
16,100,0.0112683,,38.9959,
16,150,0.0120478,,39.0334,
16,200,0.0128738,,39.0087,
16,250,0.0133179,,38.8235,
16,300,0.0122065,,39.0361,
16,350,0.0132612,,38.9581,
16,400,0.0123337,,40.0649,
16,450,0.0121079,,39.0095,
16,500,0.0111938,,39.2262,
16,550,0.0113693,,40.0606,
16,600,0.0121279,,39.0262,
16,650,0.0126435,,39.035,
16,700,0.012064,,39.0477,
16,750,0.0123526,,39.0163,
16,781,0.0118974,,39.0142,
16,,0.0121557,30.787,,0.0121557
17,50,0.0119493,,40.0121,
17,100,0.0124656,,38.8641,
17,150,0.0123629,,40.0337,
17,200,0.0122541,,39.049,
17,250,0.0128017,,39.1826,
17,300,0.0116588,,40.3568,
17,350,0.010744,,39.0245,
17,400,0.011214,,39.003,
17,450,0.012285,,40.0429,
17,500,0.0123002,,39.0425,
17,550,0.0121141,,38.9065,
17,600,0.0129058,,40.1126,
17,650,0.0124153,,39.0015,
17,700,0.0128722,,40.1004,
17,750,0.0117556,,38.953,
17,781,0.0125656,,40.0567,
17,,0.0119551,30.7943,,0.0119551
18,50,0.0116815,,40.0286,
18,100,0.012666,,40.1901,
18,150,0.0110271,,40.1102,
18,200,0.012574,,38.9769,
18,250,0.0117457,,38.8547,
18,300,0.0128905,,39.1975,
18,350,0.0124001,,40.0649,
18,400,0.0118915,,40.1114,
18,450,0.0120895,,38.9284,
18,500,0.0120188,,41.1283,
18,550,0.0114818,,39.0433,
18,600,0.0123113,,39.0664,
18,650,0.0121638,,38.9563,
18,700,0.0107384,,39.0096,
18,750,0.0118056,,39.0349,
18,781,0.0116042,,42.1372,
18,,0.0117701,30.8215,,0.0117701
19,50,0.0111855,,39.0047,
19,100,0.0116274,,39.066,
19,150,0.011183,,39.0132,
19,200,0.0129056,,40.0684,
19,250,0.0124742,,40.2106,
19,300,0.0111298,,39.1478,
19,350,0.0131124,,40.1335,
19,400,0.0121113,,38.9578,
19,450,0.0111881,,39.3981,
19,500,0.0121129,,39.0081,
19,550,0.0121296,,38.9878,
19,600,0.0120618,,40.0368,
19,650,0.0118683,,39.0521,
19,700,0.0122044,,39.0343,
19,750,0.0109028,,39.0465,
19,781,0.0129915,,39.028,
19,,0.0115991,30.8081,,0.0115991
20,50,0.0102591,,39.0183,
20,100,0.0117463,,39.9007,
20,150,0.0111323,,40.0033,
20,200,0.0111213,,41.0999,
20,250,0.0116245,,39.0153,
20,300,0.0114119,,39.0569,
20,350,0.0118599,,39.0568,
20,400,0.0121099,,39.0663,
20,450,0.0106292,,39.042,
20,500,0.010863,,39.0049,
20,550,0.0116636,,39.8691,
20,600,0.0117331,,39.0415,
20,650,0.0111593,,39.238,
20,700,0.0112626,,38.9998,
20,750,0.0115162,,39.0056,
20,781,0.0108872,,40.071,
20,,0.0114398,30.8027,,0.0114398
